-- ============================================================
-- 西域投标平台 Demo 数据
-- 包含: 9条标讯 + 9个关联项目 + 立项详情/评估/复盘 + 表单定义
-- 
-- 导入方式:
--   docker exec -i xiyu-bid-local-mysql mysql -u xiyu_user -pXiyuDB!2026 \\
--     --default-character-set=utf8mb4 xiyu_bid_codex < demo-data.sql
-- ============================================================

-- MySQL dump 10.13  Distrib 8.0.46, for Linux (aarch64)
--
-- Host: localhost    Database: xiyu_bid_codex
-- ------------------------------------------------------
-- Server version	8.0.46

/*!40101 SET @OLD_CHARACTER_SET_CLIENT=@@CHARACTER_SET_CLIENT */;
/*!40101 SET @OLD_CHARACTER_SET_RESULTS=@@CHARACTER_SET_RESULTS */;
/*!40101 SET @OLD_COLLATION_CONNECTION=@@COLLATION_CONNECTION */;
/*!50503 SET NAMES utf8mb4 */;
/*!40103 SET @OLD_TIME_ZONE=@@TIME_ZONE */;
/*!40103 SET TIME_ZONE='+00:00' */;
/*!40014 SET @OLD_UNIQUE_CHECKS=@@UNIQUE_CHECKS, UNIQUE_CHECKS=0 */;
/*!40014 SET @OLD_FOREIGN_KEY_CHECKS=@@FOREIGN_KEY_CHECKS, FOREIGN_KEY_CHECKS=0 */;
/*!40101 SET @OLD_SQL_MODE=@@SQL_MODE, SQL_MODE='NO_AUTO_VALUE_ON_ZERO' */;
/*!40111 SET @OLD_SQL_NOTES=@@SQL_NOTES, SQL_NOTES=0 */;

--
-- Dumping data for table `tenders`
--

LOCK TABLES `tenders` WRITE;
/*!40000 ALTER TABLE `tenders` DISABLE KEYS */;
INSERT INTO `tenders` (`ai_score`, `budget`, `created_at`, `deadline`, `id`, `updated_at`, `basic_info_saved_at`, `external_id`, `source`, `title`, `original_url`, `risk_level`, `status`, `abandonment_reason`, `region`, `industry`, `purchaser_name`, `purchaser_hash`, `publish_date`, `contact_name`, `contact_phone`, `description`, `tags`, `source_normalized`, `region_normalized`, `industry_normalized`, `purchaser_hash_normalized`, `purchaser_name_normalized`, `search_text_normalized`, `source_document_name`, `source_document_file_type`, `source_document_file_url`, `tender_agency`, `bid_opening_time`, `bid_notice`, `bid_notice_file_url`, `customer_type`, `priority`, `source_type`, `registration_deadline`, `contact_tel`, `contact_mail`, `contact_name2`, `contact_phone2`, `contact_tel2`, `contact_mail2`, `project_type`, `project_manager_id`, `project_manager_name`, `bidding_person_id`, `bidding_person_name`, `department`, `distributor_id`, `distributor_name`, `creator_id`, `creator_name`, `version`, `tender_info`, `source_platform`, `crm_opportunity_id`, `crm_opportunity_name`, `project_id`) VALUES (NULL,2800000.00,'2026-06-03 12:09:55.000000','2026-07-15 09:00:00.000000',1,'2026-06-03 12:09:55.000000',NULL,NULL,'政府采购网','2026年度智慧园区MRO物资采购项目',NULL,NULL,'PENDING_ASSIGNMENT',NULL,'上海','智慧园区','上海张江高科技园区管理委员会',NULL,'2026-05-01',NULL,NULL,'为张江智慧园区提供各类MRO物资','MRO,智慧园区',NULL,NULL,NULL,NULL,NULL,NULL,NULL,NULL,NULL,NULL,'2026-07-15 09:30:00.000000',NULL,NULL,'政府','A','MANUAL_SINGLE','2026-06-30 17:00:00',NULL,NULL,NULL,NULL,NULL,NULL,NULL,NULL,NULL,NULL,NULL,NULL,NULL,NULL,NULL,NULL,0,NULL,NULL,NULL,NULL,NULL),(NULL,5600000.00,'2026-06-03 12:09:55.000000','2026-08-01 10:00:00.000000',2,'2026-06-03 12:09:55.000000',NULL,NULL,'南方电网采购平台','华南电力集团2026年度集采项目',NULL,NULL,'TRACKING',NULL,'广州','电力能源','华南电力集团有限公司',NULL,'2026-04-15',NULL,NULL,'华南电力集团年度办公用品劳保用品集采','电力,集采',NULL,NULL,NULL,NULL,NULL,NULL,NULL,NULL,NULL,NULL,'2026-08-01 10:30:00.000000',NULL,NULL,'国企','A','EXTERNAL_PLATFORM','2026-07-20 17:00:00',NULL,NULL,NULL,NULL,NULL,NULL,NULL,NULL,NULL,NULL,NULL,NULL,NULL,NULL,NULL,NULL,0,NULL,NULL,NULL,NULL,NULL),(NULL,12000000.00,'2026-06-03 12:09:55.000000','2026-06-20 14:00:00.000000',3,'2026-06-03 12:09:55.000000',NULL,NULL,'四川招标投标网','西部云数据中心基础设施建设',NULL,NULL,'EVALUATED',NULL,'成都','数据中心','西部云计算有限公司',NULL,'2026-03-20',NULL,NULL,'新建T3+等级数据中心基础设施','数据中心,基础设施',NULL,NULL,NULL,NULL,NULL,NULL,NULL,NULL,NULL,NULL,'2026-06-20 14:30:00.000000',NULL,NULL,'民企','B','EXTERNAL_PLATFORM','2026-06-10 17:00:00',NULL,NULL,NULL,NULL,NULL,NULL,NULL,NULL,NULL,NULL,NULL,NULL,NULL,NULL,NULL,NULL,0,NULL,NULL,NULL,NULL,NULL),(NULL,3500000.00,'2026-06-03 12:09:55.000000','2026-07-10 09:00:00.000000',4,'2026-06-03 12:09:55.000000',NULL,NULL,'比亚迪供应商平台','制造执行系统(MES)采购项目',NULL,NULL,'BIDDING',NULL,'深圳','制造业','比亚迪股份有限公司',NULL,'2026-05-10',NULL,NULL,'采购MES制造执行系统','MES,智能制造',NULL,NULL,NULL,NULL,NULL,NULL,NULL,NULL,NULL,NULL,'2026-07-10 09:30:00.000000',NULL,NULL,'民企','A','MANUAL_SINGLE','2026-07-01 17:00:00',NULL,NULL,NULL,NULL,NULL,NULL,NULL,NULL,NULL,NULL,NULL,NULL,NULL,NULL,NULL,NULL,0,NULL,NULL,NULL,NULL,NULL),(NULL,950000.00,'2026-06-03 12:09:55.000000','2026-04-15 10:00:00.000000',5,'2026-06-03 12:09:55.000000',NULL,NULL,'浙江政府采购云平台','某省政府办公用品框架协议',NULL,NULL,'WON',NULL,'杭州','政府','浙江省政府采购中心',NULL,'2026-02-28',NULL,NULL,'浙江省省级单位办公用品框架协议','政府,框架协议',NULL,NULL,NULL,NULL,NULL,NULL,NULL,NULL,NULL,NULL,'2026-04-15 10:30:00.000000',NULL,NULL,'政府','B','EXTERNAL_PLATFORM','2026-04-05 17:00:00',NULL,NULL,NULL,NULL,NULL,NULL,NULL,NULL,NULL,NULL,NULL,NULL,NULL,NULL,NULL,NULL,0,NULL,NULL,NULL,NULL,NULL),(NULL,8500000.00,'2026-06-03 12:09:55.000000','2026-03-20 09:00:00.000000',6,'2026-06-03 12:09:55.000000',NULL,NULL,'武汉地铁采购平台','轨道交通信号系统升级改造',NULL,NULL,'LOST',NULL,'武汉','轨道交通','武汉地铁集团有限公司',NULL,'2026-01-10',NULL,NULL,'武汉地铁信号系统CBTC升级改造','轨道交通,信号系统',NULL,NULL,NULL,NULL,NULL,NULL,NULL,NULL,NULL,NULL,'2026-03-20 09:30:00.000000',NULL,NULL,'国企','A','EXTERNAL_PLATFORM','2026-03-10 17:00:00',NULL,NULL,NULL,NULL,NULL,NULL,NULL,NULL,NULL,NULL,NULL,NULL,NULL,NULL,NULL,NULL,0,NULL,NULL,NULL,NULL,NULL),(NULL,4200000.00,'2026-06-03 12:09:55.000000','2026-06-01 10:00:00.000000',7,'2026-06-03 12:09:55.000000',NULL,NULL,'蔚来供应商平台','新能源汽车零部件采购项目',NULL,NULL,'ABANDONED',NULL,'合肥','汽车制造','蔚来汽车有限公司',NULL,'2026-04-01',NULL,NULL,'采购新能源汽车电池pack组件','新能源汽车,零部件',NULL,NULL,NULL,NULL,NULL,NULL,NULL,NULL,NULL,NULL,'2026-06-01 10:30:00.000000',NULL,NULL,'民企','C','MANUAL_SINGLE','2026-05-20 17:00:00',NULL,NULL,NULL,NULL,NULL,NULL,NULL,NULL,NULL,NULL,NULL,NULL,NULL,NULL,NULL,NULL,0,NULL,NULL,NULL,NULL,NULL),(NULL,1800000.00,'2026-06-03 12:09:55.000000','2026-08-15 09:00:00.000000',8,'2026-06-03 12:09:55.000000',NULL,NULL,'北京市政府采购网','医院HIS系统升级项目',NULL,NULL,'PENDING_ASSIGNMENT',NULL,'北京','医疗','北京大学第三医院',NULL,'2026-05-20',NULL,NULL,'升级HIS系统至新一代平台','医疗,HIS',NULL,NULL,NULL,NULL,NULL,NULL,NULL,NULL,NULL,NULL,'2026-08-15 09:30:00.000000',NULL,NULL,'事业单位','B','EXTERNAL_PLATFORM','2026-08-01 17:00:00',NULL,NULL,NULL,NULL,NULL,NULL,NULL,NULL,NULL,NULL,NULL,NULL,NULL,NULL,NULL,NULL,0,NULL,NULL,NULL,NULL,NULL),(NULL,6800000.00,'2026-06-03 12:09:55.000000','2026-07-25 14:00:00.000000',9,'2026-06-03 12:09:55.000000',NULL,NULL,'南京公共资源交易中心','智慧城市物联网平台',NULL,NULL,'TRACKING',NULL,'南京','智慧城市','南京市大数据管理局',NULL,'2026-04-25',NULL,NULL,'建设城市级物联网感知平台','智慧城市,物联网',NULL,NULL,NULL,NULL,NULL,NULL,NULL,NULL,NULL,NULL,'2026-07-25 14:30:00.000000',NULL,NULL,'政府','A','EXTERNAL_PLATFORM','2026-07-15 17:00:00',NULL,NULL,NULL,NULL,NULL,NULL,NULL,NULL,NULL,NULL,NULL,NULL,NULL,NULL,NULL,NULL,0,NULL,NULL,NULL,NULL,NULL);
/*!40000 ALTER TABLE `tenders` ENABLE KEYS */;
UNLOCK TABLES;

--
-- Dumping data for table `projects`
--

LOCK TABLES `projects` WRITE;
/*!40000 ALTER TABLE `projects` DISABLE KEYS */;
INSERT INTO `projects` (`budget`, `deadline`, `created_at`, `end_date`, `id`, `manager_id`, `start_date`, `tender_id`, `updated_at`, `industry`, `customer_manager`, `customer_manager_id`, `region`, `source_customer_id`, `source_module`, `source_opportunity_id`, `name`, `tags_json`, `ai_analysis_json`, `competitor_analysis_json`, `customer`, `description`, `platform`, `remark`, `source_customer`, `source_reasoning_summary`, `tasks_json`, `status`, `customer_type`, `stage`) VALUES (2800000.00,'2026-07-15','2026-06-03 12:09:55.000000',NULL,10,3,NULL,1,'2026-06-03 12:09:55.000000','智慧园区',NULL,NULL,'上海',NULL,NULL,NULL,'智慧园区MRO年度采购项目',NULL,NULL,NULL,'上海张江高科技园区管理委员会','为张江智慧园区提供各类MRO物资',NULL,NULL,NULL,NULL,NULL,'BIDDING','政府','DRAFTING'),(5600000.00,'2026-08-01','2026-06-03 12:09:55.000000',NULL,11,3,NULL,2,'2026-06-03 12:09:55.000000','电力能源',NULL,NULL,'广州',NULL,NULL,NULL,'华南电力2026年度集采项目',NULL,NULL,NULL,'华南电力集团有限公司','华南电力集团年度办公用品劳保用品集采',NULL,NULL,NULL,NULL,NULL,'EVALUATING','国企','EVALUATING'),(12000000.00,'2026-06-20','2026-06-03 12:09:55.000000',NULL,12,5,NULL,3,'2026-06-03 12:09:55.000000','数据中心',NULL,NULL,'成都',NULL,NULL,NULL,'西部云数据中心建设项目',NULL,NULL,NULL,'西部云计算有限公司','新建T3+等级数据中心基础设施',NULL,NULL,NULL,NULL,NULL,'EVALUATING','民企','RESULT_PENDING'),(3500000.00,'2026-07-10','2026-06-03 12:09:55.000000',NULL,13,6,NULL,4,'2026-06-03 12:09:55.000000','制造业',NULL,NULL,'深圳',NULL,NULL,NULL,'MES制造执行系统项目',NULL,NULL,NULL,'比亚迪股份有限公司','采购MES制造执行系统',NULL,NULL,NULL,NULL,NULL,'EVALUATING','民企','RESULT_PENDING'),(950000.00,'2026-04-15','2026-06-03 12:09:55.000000',NULL,14,3,NULL,5,'2026-06-03 12:09:55.000000','政府',NULL,NULL,'杭州',NULL,NULL,NULL,'省政府办公用品框架协议',NULL,NULL,NULL,'浙江省政府采购中心','浙江省省级单位办公用品框架协议',NULL,NULL,NULL,NULL,NULL,'WON','政府','CLOSED'),(8500000.00,'2026-03-20','2026-06-03 12:09:55.000000',NULL,15,5,NULL,6,'2026-06-03 12:09:55.000000','轨道交通',NULL,NULL,'武汉',NULL,NULL,NULL,'轨道交通信号系统升级',NULL,NULL,NULL,'武汉地铁集团有限公司','武汉地铁信号系统CBTC升级改造',NULL,NULL,NULL,NULL,NULL,'LOST','国企','CLOSED'),(4200000.00,'2026-06-01','2026-06-03 12:09:55.000000',NULL,16,6,NULL,7,'2026-06-03 12:09:55.000000','汽车制造',NULL,NULL,'合肥',NULL,NULL,NULL,'新能源汽车零部件采购',NULL,NULL,NULL,'蔚来汽车有限公司','采购新能源汽车电池pack组件',NULL,NULL,NULL,NULL,NULL,'ABANDONED','民企','CLOSED'),(1800000.00,'2026-08-15','2026-06-03 12:09:55.000000',NULL,17,3,NULL,8,'2026-06-03 12:09:55.000000','医疗',NULL,NULL,'北京',NULL,NULL,NULL,'医院HIS系统升级项目',NULL,NULL,NULL,'北京大学第三医院','升级HIS系统至新一代平台',NULL,NULL,NULL,NULL,NULL,'INITIATED','事业单位','INITIATED'),(6800000.00,'2026-07-25','2026-06-03 12:09:55.000000',NULL,18,5,NULL,9,'2026-06-03 12:09:55.000000','智慧城市',NULL,NULL,'南京',NULL,NULL,NULL,'智慧城市物联网平台项目',NULL,NULL,NULL,'南京市大数据管理局','建设城市级物联网感知平台',NULL,NULL,NULL,NULL,NULL,'EVALUATING','政府','RESULT_PENDING');
/*!40000 ALTER TABLE `projects` ENABLE KEYS */;
UNLOCK TABLES;

--
-- Dumping data for table `project_initiation_details`
--

LOCK TABLES `project_initiation_details` WRITE;
/*!40000 ALTER TABLE `project_initiation_details` DISABLE KEYS */;
INSERT INTO `project_initiation_details` (`id`, `project_id`, `bid_open_time`, `bid_month`, `expected_bidders`, `customer_type`, `annual_revenue`, `annual_ecommerce_amount`, `contract_period_months`, `competitors`, `tender_adverse_items`, `risk_assessment`, `risk_mitigation_plan`, `pm_understands_process`, `support_needed`, `project_plan_gap`, `department_snapshot`, `deposit_amount`, `deposit_payment_method`, `need_deposit`, `locked`, `created_at`, `updated_at`, `created_by`, `updated_by`, `owner_unit`, `project_type`, `owner_user_id`, `review_status`, `rejection_reason`, `reviewed_by`, `reviewed_at`, `customer_info_json`, `tender_document_id`, `ai_risk_level`, `ai_risk_assessment_notes`, `customer_grade`, `bid_status`, `bidding_leader_name`, `bidding_platform`, `bid_result_status`, `project_leader_name`, `leader_department`, `headquarters_location`) VALUES (1,10,'2026-07-15 09:30:00','2026-07',NULL,'政府',NULL,NULL,NULL,NULL,NULL,NULL,NULL,NULL,NULL,NULL,NULL,NULL,NULL,'YES',0,'2026-06-03 12:12:32','2026-06-03 12:12:32',NULL,NULL,'上海张江高科技园区管理委员会','物资采购',NULL,'DRAFT',NULL,NULL,NULL,NULL,NULL,NULL,NULL,'A','PREPARING','李主管','政府采购网',NULL,'张经理','华东事业部',NULL),(2,11,'2026-08-01 10:30:00','2026-08',NULL,'国企',NULL,NULL,NULL,NULL,NULL,NULL,NULL,NULL,NULL,NULL,NULL,NULL,NULL,'NO',0,'2026-06-03 12:12:32','2026-06-03 12:12:32',NULL,NULL,'华南电力集团有限公司','集采',NULL,'DRAFT',NULL,NULL,NULL,NULL,NULL,NULL,NULL,'A','PREPARING','赵主管','南方电网采购平台',NULL,'王经理','华南事业部',NULL),(3,12,'2026-06-20 14:30:00','2026-06',NULL,'民企',NULL,NULL,NULL,NULL,NULL,NULL,NULL,NULL,NULL,NULL,NULL,NULL,NULL,'YES',0,'2026-06-03 12:12:32','2026-06-03 12:12:32',NULL,NULL,'西部云计算有限公司','基础设施',NULL,'APPROVED',NULL,NULL,NULL,NULL,NULL,NULL,NULL,'B','BIDDING','陈主管','四川招标投标网',NULL,'刘经理','西部事业部',NULL),(4,13,'2026-07-10 09:30:00','2026-07',NULL,'民企',NULL,NULL,NULL,NULL,NULL,NULL,NULL,NULL,NULL,NULL,NULL,NULL,NULL,'NO',0,'2026-06-03 12:12:32','2026-06-03 12:12:32',NULL,NULL,'比亚迪股份有限公司','信息系统',NULL,'APPROVED',NULL,NULL,NULL,NULL,NULL,NULL,NULL,'A','BIDDING','周主管','比亚迪供应商平台',NULL,'陈经理','华南事业部',NULL),(5,14,'2026-04-15 10:30:00','2026-04',NULL,'政府',NULL,NULL,NULL,NULL,NULL,NULL,NULL,NULL,NULL,NULL,NULL,NULL,NULL,'NO',0,'2026-06-03 12:12:32','2026-06-03 12:12:32',NULL,NULL,'浙江省政府采购中心','框架协议',NULL,'APPROVED',NULL,NULL,NULL,NULL,NULL,NULL,NULL,'B','WON','李主管','浙江政府采购云平台',NULL,'张经理','华东事业部',NULL),(6,15,'2026-03-20 09:30:00','2026-03',NULL,'国企',NULL,NULL,NULL,NULL,NULL,NULL,NULL,NULL,NULL,NULL,NULL,NULL,NULL,'YES',0,'2026-06-03 12:12:32','2026-06-03 12:12:32',NULL,NULL,'武汉地铁集团有限公司','升级改造',NULL,'APPROVED',NULL,NULL,NULL,NULL,NULL,NULL,NULL,'A','LOST','陈主管','武汉地铁采购平台',NULL,'刘经理','中部事业部',NULL),(7,16,'2026-06-01 10:30:00','2026-06',NULL,'民企',NULL,NULL,NULL,NULL,NULL,NULL,NULL,NULL,NULL,NULL,NULL,NULL,NULL,'YES',0,'2026-06-03 12:12:32','2026-06-03 12:12:32',NULL,NULL,'蔚来汽车有限公司','零部件采购',NULL,'APPROVED',NULL,NULL,NULL,NULL,NULL,NULL,NULL,'C','ABANDONED','周主管','蔚来供应商平台',NULL,'陈经理','华东事业部',NULL),(8,17,'2026-08-15 09:30:00','2026-08',NULL,'事业单位',NULL,NULL,NULL,NULL,NULL,NULL,NULL,NULL,NULL,NULL,NULL,NULL,NULL,'YES',0,'2026-06-03 12:12:32','2026-06-03 12:12:32',NULL,NULL,'北京大学第三医院','系统升级',NULL,'DRAFT',NULL,NULL,NULL,NULL,NULL,NULL,NULL,'B','INITIATED','赵主管','北京市政府采购网',NULL,'王经理','华北事业部',NULL),(9,18,'2026-07-25 14:30:00','2026-07',NULL,'政府',NULL,NULL,NULL,NULL,NULL,NULL,NULL,NULL,NULL,NULL,NULL,NULL,NULL,'NO',0,'2026-06-03 12:12:32','2026-06-03 12:12:32',NULL,NULL,'南京市大数据管理局','平台建设',NULL,'DRAFT',NULL,NULL,NULL,NULL,NULL,NULL,NULL,'A','PREPARING','李主管','南京公共资源交易中心',NULL,'张经理','华东事业部',NULL);
/*!40000 ALTER TABLE `project_initiation_details` ENABLE KEYS */;
UNLOCK TABLES;

--
-- Dumping data for table `project_evaluation`
--

LOCK TABLES `project_evaluation` WRITE;
/*!40000 ALTER TABLE `project_evaluation` DISABLE KEYS */;
INSERT INTO `project_evaluation` (`id`, `project_id`, `sub_stage`, `evaluation_started_at`, `board_received_at`, `announced_at`, `notes`, `created_at`, `updated_at`, `created_by`, `updated_by`, `background`, `competitors`, `contract_period`, `shortlisted_bidders`, `platform_fee`, `previous_bid`, `recommendation`, `evaluation_files_json`) VALUES (1,12,'IN_PROGRESS',NULL,NULL,NULL,'评标进行中，已收到3家投标文件','2026-06-03 12:14:09','2026-06-03 12:14:09',NULL,NULL,'数据中心基础设施项目，技术要求较高',NULL,NULL,NULL,NULL,NULL,NULL,NULL),(2,13,'IN_PROGRESS',NULL,NULL,NULL,'评标进行中，技术方案评审阶段','2026-06-03 12:14:09','2026-06-03 12:14:09',NULL,NULL,'MES系统采购，需评估供应商技术方案',NULL,NULL,NULL,NULL,NULL,NULL,NULL),(3,16,'CLOSED',NULL,NULL,NULL,'已结束，未中标','2026-06-03 12:14:09','2026-06-03 12:14:09',NULL,NULL,'零部件采购项目，供应商资质未达标',NULL,NULL,NULL,NULL,NULL,NULL,NULL),(4,10,'IN_PROGRESS',NULL,NULL,NULL,'准备中','2026-06-03 12:20:56','2026-06-03 12:20:56',NULL,NULL,'智慧园区MRO项目',NULL,NULL,NULL,NULL,NULL,NULL,NULL),(5,11,'IN_PROGRESS',NULL,NULL,NULL,'审核中','2026-06-03 12:20:56','2026-06-03 12:20:56',NULL,NULL,'华南电力集采项目',NULL,NULL,NULL,NULL,NULL,NULL,NULL),(6,14,'CLOSED',NULL,NULL,NULL,'已结束','2026-06-03 12:20:56','2026-06-03 12:20:56',NULL,NULL,'省政府框架协议 - 中标',NULL,NULL,NULL,NULL,NULL,NULL,NULL),(7,15,'CLOSED',NULL,NULL,NULL,'已结束','2026-06-03 12:20:56','2026-06-03 12:20:56',NULL,NULL,'轨道交通信号系统 - 未中标',NULL,NULL,NULL,NULL,NULL,NULL,NULL),(8,17,'IN_PROGRESS',NULL,NULL,NULL,'立项阶段','2026-06-03 12:20:56','2026-06-03 12:20:56',NULL,NULL,'医院HIS系统升级',NULL,NULL,NULL,NULL,NULL,NULL,NULL),(9,18,'IN_PROGRESS',NULL,NULL,NULL,'封装中','2026-06-03 12:20:56','2026-06-03 12:20:56',NULL,NULL,'智慧城市物联网平台',NULL,NULL,NULL,NULL,NULL,NULL,NULL);
/*!40000 ALTER TABLE `project_evaluation` ENABLE KEYS */;
UNLOCK TABLES;

--
-- Dumping data for table `project_retrospective`
--

LOCK TABLES `project_retrospective` WRITE;
/*!40000 ALTER TABLE `project_retrospective` DISABLE KEYS */;
INSERT INTO `project_retrospective` (`id`, `project_id`, `summary`, `win_factors`, `loss_reasons`, `competitor_notes`, `improvement_actions`, `reviewed_by`, `reviewed_at`, `review_status`, `created_at`, `updated_at`, `created_by`, `updated_by`, `result_type`, `review_comment`, `meeting_time`, `meeting_type`, `participants`, `process_issues`, `report_attachment_id`, `process_highlights`) VALUES (1,14,'成功中标，工期按计划完成',NULL,NULL,NULL,NULL,NULL,NULL,'PENDING_REVIEW','2026-06-03 12:14:09','2026-06-03 12:14:09',NULL,NULL,'WON',NULL,NULL,NULL,NULL,NULL,NULL,NULL),(2,15,'因价格评分不占优势，遗憾失标',NULL,NULL,NULL,NULL,NULL,NULL,'PENDING_REVIEW','2026-06-03 12:14:09','2026-06-03 12:14:09',NULL,NULL,'LOST',NULL,NULL,NULL,NULL,NULL,NULL,NULL),(3,16,'供应商资质审核阶段主动放弃',NULL,NULL,NULL,NULL,NULL,NULL,'PENDING_REVIEW','2026-06-03 12:14:09','2026-06-03 12:14:09',NULL,NULL,'ABANDONED',NULL,NULL,NULL,NULL,NULL,NULL,NULL),(4,10,'项目准备中，待复盘',NULL,NULL,NULL,NULL,NULL,NULL,'PENDING_REVIEW','2026-06-03 12:20:56','2026-06-03 12:20:56',NULL,NULL,'WON',NULL,NULL,NULL,NULL,NULL,NULL,NULL),(5,11,'项目审核中，待复盘',NULL,NULL,NULL,NULL,NULL,NULL,'PENDING_REVIEW','2026-06-03 12:20:56','2026-06-03 12:20:56',NULL,NULL,'WON',NULL,NULL,NULL,NULL,NULL,NULL,NULL),(6,12,'评标阶段，待复盘',NULL,NULL,NULL,NULL,NULL,NULL,'PENDING_REVIEW','2026-06-03 12:20:56','2026-06-03 12:20:56',NULL,NULL,'WON',NULL,NULL,NULL,NULL,NULL,NULL,NULL),(7,13,'评标阶段，待复盘',NULL,NULL,NULL,NULL,NULL,NULL,'PENDING_REVIEW','2026-06-03 12:20:56','2026-06-03 12:20:56',NULL,NULL,'WON',NULL,NULL,NULL,NULL,NULL,NULL,NULL),(8,17,'立项阶段，待复盘',NULL,NULL,NULL,NULL,NULL,NULL,'PENDING_REVIEW','2026-06-03 12:20:56','2026-06-03 12:20:56',NULL,NULL,'WON',NULL,NULL,NULL,NULL,NULL,NULL,NULL),(9,18,'封装中，待复盘',NULL,NULL,NULL,NULL,NULL,NULL,'PENDING_REVIEW','2026-06-03 12:20:56','2026-06-03 12:20:56',NULL,NULL,'WON',NULL,NULL,NULL,NULL,NULL,NULL,NULL);
/*!40000 ALTER TABLE `project_retrospective` ENABLE KEYS */;
UNLOCK TABLES;

--
-- Dumping data for table `form_definition_registry`
--

LOCK TABLES `form_definition_registry` WRITE;
/*!40000 ALTER TABLE `form_definition_registry` DISABLE KEYS */;
INSERT INTO `form_definition_registry` (`id`, `scope`, `scope_label`, `version`, `schema_json`, `enabled`, `org_id`, `created_by`, `created_at`, `updated_at`) VALUES (1,'tender.entry','标讯手工录入',2,'{\"fields\": [{\"key\": \"title\", \"type\": \"TEXT\", \"label\": \"项目名称\", \"required\": true, \"maxLength\": 200, \"placeholder\": \"请输入项目名称\"}, {\"key\": \"tenderAgency\", \"type\": \"TEXT\", \"label\": \"招标主体\", \"required\": true, \"maxLength\": 200, \"placeholder\": \"请输入招标主体\"}, {\"key\": \"budget\", \"type\": \"CURRENCY\", \"label\": \"预算金额\", \"required\": false, \"validation\": {\"min\": 0, \"precision\": 2}}, {\"key\": \"region\", \"type\": \"SELECT\", \"label\": \"总部所在地\", \"options\": [{\"label\": \"北京\", \"value\": \"北京\"}, {\"label\": \"天津\", \"value\": \"天津\"}, {\"label\": \"河北\", \"value\": \"河北\"}, {\"label\": \"山西\", \"value\": \"山西\"}, {\"label\": \"内蒙古\", \"value\": \"内蒙古\"}, {\"label\": \"辽宁\", \"value\": \"辽宁\"}, {\"label\": \"吉林\", \"value\": \"吉林\"}, {\"label\": \"黑龙江\", \"value\": \"黑龙江\"}, {\"label\": \"上海\", \"value\": \"上海\"}, {\"label\": \"江苏\", \"value\": \"江苏\"}, {\"label\": \"浙江\", \"value\": \"浙江\"}, {\"label\": \"安徽\", \"value\": \"安徽\"}, {\"label\": \"福建\", \"value\": \"福建\"}, {\"label\": \"江西\", \"value\": \"江西\"}, {\"label\": \"山东\", \"value\": \"山东\"}, {\"label\": \"河南\", \"value\": \"河南\"}, {\"label\": \"湖北\", \"value\": \"湖北\"}, {\"label\": \"湖南\", \"value\": \"湖南\"}, {\"label\": \"广东\", \"value\": \"广东\"}, {\"label\": \"广西\", \"value\": \"广西\"}, {\"label\": \"海南\", \"value\": \"海南\"}, {\"label\": \"重庆\", \"value\": \"重庆\"}, {\"label\": \"四川\", \"value\": \"四川\"}, {\"label\": \"贵州\", \"value\": \"贵州\"}, {\"label\": \"云南\", \"value\": \"云南\"}, {\"label\": \"西藏\", \"value\": \"西藏\"}, {\"label\": \"陕西\", \"value\": \"陕西\"}, {\"label\": \"甘肃\", \"value\": \"甘肃\"}, {\"label\": \"青海\", \"value\": \"青海\"}, {\"label\": \"宁夏\", \"value\": \"宁夏\"}, {\"label\": \"新疆\", \"value\": \"新疆\"}, {\"label\": \"台湾\", \"value\": \"台湾\"}, {\"label\": \"香港\", \"value\": \"香港\"}, {\"label\": \"澳门\", \"value\": \"澳门\"}], \"required\": true}, {\"key\": \"deadline\", \"type\": \"DATETIME\", \"label\": \"报名截止时间\", \"required\": true}, {\"key\": \"bidOpeningTime\", \"type\": \"DATETIME\", \"label\": \"开标时间\", \"required\": true}, {\"key\": \"contactName\", \"type\": \"TEXT\", \"label\": \"联系人1\", \"required\": false, \"placeholder\": \"联系人姓名\"}, {\"key\": \"contactPhone\", \"type\": \"TEXT\", \"label\": \"联系人1手机号\", \"required\": false, \"placeholder\": \"手机号\"}, {\"key\": \"contactLandline\", \"type\": \"TEXT\", \"label\": \"联系人1座机\", \"required\": false, \"placeholder\": \"座机（如 010-12345678）\"}, {\"key\": \"contactMail\", \"type\": \"TEXT\", \"label\": \"联系人1邮箱\", \"required\": false, \"placeholder\": \"邮箱\"}, {\"key\": \"contactName2\", \"type\": \"TEXT\", \"label\": \"联系人2\", \"required\": false, \"placeholder\": \"联系人姓名（选填）\"}, {\"key\": \"contactPhone2\", \"type\": \"TEXT\", \"label\": \"联系人2手机号\", \"required\": false, \"placeholder\": \"手机号（选填）\"}, {\"key\": \"contactLandline2\", \"type\": \"TEXT\", \"label\": \"联系人2座机\", \"required\": false, \"placeholder\": \"座机（选填）\"}, {\"key\": \"contactMail2\", \"type\": \"TEXT\", \"label\": \"联系人2邮箱\", \"required\": false, \"placeholder\": \"邮箱（选填）\"}, {\"key\": \"customerType\", \"type\": \"SELECT\", \"label\": \"客户类型\", \"options\": [{\"label\": \"政府机关\", \"value\": \"政府机关\"}, {\"label\": \"事业单位\", \"value\": \"事业单位\"}, {\"label\": \"高校\", \"value\": \"高校\"}, {\"label\": \"央企\", \"value\": \"央企\"}, {\"label\": \"地方国企\", \"value\": \"地方国企\"}, {\"label\": \"民企\", \"value\": \"民企\"}, {\"label\": \"港澳台及外企\", \"value\": \"港澳台及外企\"}], \"required\": true}, {\"key\": \"priority\", \"type\": \"SELECT\", \"label\": \"优先级\", \"options\": [{\"label\": \"S 级 · 战略级高价值客户\", \"value\": \"S\"}, {\"label\": \"A 级 · 高价值重点客户\", \"value\": \"A\"}, {\"label\": \"B 级 · 重要潜力客户\", \"value\": \"B\"}, {\"label\": \"C 级 · 潜力客户\", \"value\": \"C\"}], \"required\": true}, {\"key\": \"projectType\", \"type\": \"SELECT\", \"label\": \"项目类型\", \"options\": [{\"label\": \"工业品\", \"value\": \"工业品\"}, {\"label\": \"办公\", \"value\": \"办公\"}, {\"label\": \"综合\", \"value\": \"综合\"}, {\"label\": \"集采\", \"value\": \"集采\"}, {\"label\": \"其他\", \"value\": \"其他\"}], \"required\": false}, {\"key\": \"sourcePlatform\", \"type\": \"SELECT\", \"label\": \"来源平台\", \"options\": [{\"label\": \"人工录入\", \"value\": \"人工录入\"}, {\"label\": \"中国政府采购网\", \"value\": \"中国政府采购网\"}, {\"label\": \"各省招标网\", \"value\": \"各省招标网\"}, {\"label\": \"第三方商机服务\", \"value\": \"第三方商机服务\"}, {\"label\": \"企业招标平台\", \"value\": \"企业招标平台\"}], \"required\": false, \"defaultValue\": \"人工录入\"}, {\"key\": \"description\", \"rows\": 3, \"type\": \"TEXTAREA\", \"label\": \"标讯描述\", \"required\": false, \"maxLength\": 5000}, {\"key\": \"tenderInfo\", \"rows\": 3, \"type\": \"TEXTAREA\", \"label\": \"标讯信息\", \"required\": false, \"maxLength\": 5000}, {\"key\": \"crmOpportunityId\", \"type\": \"TEXT\", \"label\": \"CRM商机\", \"required\": false, \"placeholder\": \"点击选择CRM商机（跟踪中状态后必填）\"}]}',1,NULL,'system','2026-06-01 12:16:06','2026-06-01 12:16:07'),(2,'project.basic','项目基本信息',1,'{\"fields\": [{\"key\": \"name\", \"type\": \"TEXT\", \"label\": \"项目名称\", \"required\": true}, {\"key\": \"managerId\", \"type\": \"PERSON\", \"label\": \"项目经理\", \"required\": true}, {\"key\": \"teamMembers\", \"type\": \"PERSON\", \"label\": \"团队成员\", \"required\": false}, {\"key\": \"startDate\", \"type\": \"DATE\", \"label\": \"开始日期\", \"required\": false}, {\"key\": \"endDate\", \"type\": \"DATE\", \"label\": \"结束日期\", \"required\": false}, {\"key\": \"budget\", \"type\": \"CURRENCY\", \"label\": \"项目预算\", \"required\": false}, {\"key\": \"industry\", \"type\": \"SELECT\", \"label\": \"所属行业\", \"options\": [{\"label\": \"政府\", \"value\": \"government\"}, {\"label\": \"央企\", \"value\": \"soe\"}, {\"label\": \"民营\", \"value\": \"private\"}], \"required\": false}, {\"key\": \"description\", \"rows\": 4, \"type\": \"TEXTAREA\", \"label\": \"项目描述\", \"required\": false}]}',1,NULL,'system','2026-06-01 12:16:06','2026-06-01 12:16:06'),(3,'resource.expense','费用申请',1,'{\"fields\": [{\"key\": \"projectId\", \"type\": \"PROJECT\", \"label\": \"关联项目\", \"required\": true}, {\"key\": \"category\", \"type\": \"SELECT\", \"label\": \"费用类别\", \"options\": [{\"label\": \"差旅费\", \"value\": \"travel\"}, {\"label\": \"办公费\", \"value\": \"office\"}, {\"label\": \"咨询费\", \"value\": \"consulting\"}, {\"label\": \"其他\", \"value\": \"other\"}], \"required\": true}, {\"key\": \"amount\", \"type\": \"CURRENCY\", \"label\": \"金额\", \"required\": true, \"validation\": {\"min\": 0.01}}, {\"key\": \"expenseDate\", \"type\": \"DATE\", \"label\": \"费用日期\", \"required\": true}, {\"key\": \"description\", \"rows\": 3, \"type\": \"TEXTAREA\", \"label\": \"费用说明\", \"required\": false}]}',1,NULL,'system','2026-06-01 12:16:06','2026-06-01 12:16:06'),(4,'knowledge.case','案例建档',1,'{\"fields\": [{\"key\": \"title\", \"type\": \"TEXT\", \"label\": \"案例标题\", \"required\": true}, {\"key\": \"industry\", \"type\": \"SELECT\", \"label\": \"所属行业\", \"options\": [{\"label\": \"政府\", \"value\": \"government\"}, {\"label\": \"央企\", \"value\": \"soe\"}, {\"label\": \"民营\", \"value\": \"private\"}], \"required\": false}, {\"key\": \"amount\", \"type\": \"CURRENCY\", \"label\": \"合同金额\", \"required\": false}, {\"key\": \"projectDate\", \"type\": \"DATE\", \"label\": \"完成日期\", \"required\": false}, {\"key\": \"description\", \"rows\": 4, \"type\": \"TEXTAREA\", \"label\": \"案例描述\", \"required\": false}, {\"key\": \"tags\", \"type\": \"TEXT\", \"label\": \"标签\", \"required\": false, \"placeholder\": \"多个标签用逗号分隔\"}]}',1,NULL,'system','2026-06-01 12:16:06','2026-06-01 12:16:06'),(5,'project.initiation','项目立项表单',1,'{\"label\": \"项目立项\", \"fields\": []}',1,NULL,'admin','2026-06-03 12:20:06','2026-06-03 12:20:06');
/*!40000 ALTER TABLE `form_definition_registry` ENABLE KEYS */;
UNLOCK TABLES;
/*!40103 SET TIME_ZONE=@OLD_TIME_ZONE */;

/*!40101 SET SQL_MODE=@OLD_SQL_MODE */;
/*!40014 SET FOREIGN_KEY_CHECKS=@OLD_FOREIGN_KEY_CHECKS */;
/*!40014 SET UNIQUE_CHECKS=@OLD_UNIQUE_CHECKS */;
/*!40101 SET CHARACTER_SET_CLIENT=@OLD_CHARACTER_SET_CLIENT */;
/*!40101 SET CHARACTER_SET_RESULTS=@OLD_CHARACTER_SET_RESULTS */;
/*!40101 SET COLLATION_CONNECTION=@OLD_COLLATION_CONNECTION */;
/*!40111 SET SQL_NOTES=@OLD_SQL_NOTES */;

-- Dump completed on 2026-06-03 12:24:12
